Subject,Gender,Age,Condition,Genotype,RAS [MBq/_mol],Kidney L,Kidney R,Liver,Aorta,Aorta wall,Ventricle,Myocardium,Aorta + ventricle,Pancreas,Brain,Bladder,Muscle,Eyes
S00508,M,30.2,ctrl,AATTAAGGCC,15391.3,7.916819094,8.512925995,18.76858146,3.891414575,3.124267158,5.196197671,2.796555118,4.431173242,4.414887152,0.189074883,9.821759535,0.473798982,0.101536163
S00712,M,24.7,rif,ACTTAAGGCC,17745.2,21.72405406,22.70161697,16.97563579,19.54569166,15.75307724,18.86479454,9.001413858,19.25243334,14.99143144,0.601081725,28.35302357,1.270838667,0.311695749
S00721,M,24.5,ctrl,AACTAAGGCC,5908.2,15.33319024,16.61447,37.58748429,12.16251731,7.914234428,13.32004973,7.088399783,12.80730812,9.024504434,0.408312955,5.262591993,0.652709004,0.138144119
S00724,M,24.5,rif,AACTAAGGCC,8145.9,12.47294601,12.05393653,10.49864611,9.252260574,5.334129537,10.74783402,5.906340943,9.946750002,8.978214287,0.388656648,6.471328716,0.612200889,0.139782337
S00732,M,22.2,ctrl,AATTGAGGTT,5093.8,13.93440024,15.37186206,48.58401987,8.435564186,6.278046083,10.13505885,4.274058683,9.127045283,6.632526703,0.321017999,16.9878223,0.823368035,0.201744297
S00733,M,22.2,rif,AATTGAGGTT,6296.7,8.909840007,9.612846966,10.98312801,7.397769624,4.419303638,7.710429718,4.289278111,7.500073064,5.752450173,0.30118165,11.99178854,0.541104074,0.117788884
S00780,M,20.3,ctrl,ACTTAAGGCC,5635.5,15.76442034,17.04872516,39.46172324,12.24122412,6.541382155,12.45549576,7.077529584,12.37005483,10.58732629,0.502967776,9.885696455,0.699268929,0.254611044
S00781,M,20.3,rif,ACTTAAGGCC,7157.7,18.29886824,20.18493238,23.37157055,17.72992574,11.7315311,18.83740377,10.09770912,18.09432614,11.48852805,0.755825949,13.55190392,1.199035732,1.152343261
S00786,F,59.5,ctrl,AACCGAGGCC,4899.2,29.09753874,32.2870697,72.58710429,25.1280028,18.53591801,28.1294138,11.86626633,26.56436394,16.333133,0.775870041,9.741755665,1.521379394,0.288852519
S00793,F,58.8,ctrl,AACTAAGGCC,7283.5,19.96298029,23.43506142,81.24303889,13.88144851,9.049907079,16.45541818,10.71750359,14.18530034,10.3612155,0.498293115,10.00679043,1.204149514,0.435307214
S00794,F,58.8,rif,AACTAAGGCC,8225.5,20.74396357,21.72543347,30.66529824,23.97193219,12.60926714,21.26104726,11.86481599,23.36640068,14.40761572,0.635515262,47.84357542,1.671040186,0.338479678
S00796,M,21.4,ctrl,AACTGAGGCC,8672.4,10.49885692,12.1997213,32.43945353,8.228714128,4.14454495,9.602606259,4.810026851,8.54521552,9.238182129,0.338181273,8.612307126,0.675096516,0.133370331
S00801,M,24.7,ctrl,AATTAAGGCC,6029.2,16.25523301,21.0189029,63.10663773,7.66707744,6.096772504,13.62602117,9.60480687,9.491908292,13.12562808,0.479795305,8.99583363,0.936057322,0.188310936
S00802,M,24.7,rif,AATTAAGGCC,6188.3,23.93275827,25.8255988,27.27484272,16.43782621,8.481555826,16.14930884,9.702024147,16.39877904,14.46504856,0.492171606,44.89914708,1.100654915,0.205874954
S00810,F,58.8,ctrl,AACTAAGGCC,6721.8,14.53310163,15.70638737,45.50989447,12.52136795,6.166969268,11.51631068,5.938078851,12.46626471,10.8906068,0.33157257,6.651260625,0.721566841,0.2366018
S00811,F,58.8,rif,AACTAAGGCC,8494.8,25.46817562,27.47188543,29.16110069,24.65968197,13.08493515,25.24815557,12.9778757,24.72046934,14.85806576,0.766234285,62.78931105,1.891309729,0.431974352
S00822,M,59.3,ctrl,AATTAAGGTC,5793.8,10.31709124,10.68813583,33.4429197,8.308699191,5.145542131,9.353215358,4.25175278,8.564010393,6.125017351,0.30714573,3.908468261,0.611329624,0.133355868
S00828,F,61.2,ctrl,AACTGAGGCC,5971.1,9.295242362,10.19944378,29.11769095,5.799636782,4.656917259,6.94901543,3.667423884,5.905549445,3.274587643,0.236361414,2.29270416,0.487334579,0.11796138
S00874,M,63.5,ctrl,AATTAAGGCC,5684.7,11.17321404,12.71829778,35.37070864,11.85946453,6.47401168,10.07031022,4.65057027,11.68534348,6.449633068,0.342841289,12.43827082,0.775281611,0.204092818
S00877,F,61.2,rif,AACTGAGGCC,42587,23.405439,23.24281287,31.89213861,25.60358302,9.138571592,24.66626268,12.07265848,10.9092287,13.50568648,0.638742157,8.225935891,2.030151906,0.250000094
S00880,M,63.5,rif,AATTAAGGCC,4428.5,10.15493715,10.19191526,12.52986463,12.43165034,8.686554403,10.34053669,5.799303419,10.31796835,6.259666478,0.320534247,2.065041167,0.493378132,0.137560072
S00919,F,64.6,ctrl,AATTAAGGCC,37518,17.25065647,20.49342443,74.12975237,14.48610307,5.576821877,15.28823178,9.037806843,14.50911522,11.13186222,0.380150538,9.825017347,0.985483606,0.245953577
S00933,M,57.8,ctrl,AATTGGGGCC,4575.8,16.14939825,17.87449409,46.49731679,10.22636758,4.972512459,11.79856688,7.531928615,10.2765317,5.173372749,0.286029016,23.20713292,0.736886405,0.172995037
S00956,M,50.2,ctrl,AACTAAGGCC,5110.8,16.74717864,19.18899756,46.59210779,14.27787496,6.816173678,13.79960015,10.67515254,14.26737155,12.2939576,0.469987403,11.00032916,1.287710104,0.388641602