Subject,Gender,Age,Condition,Genotype,RAS [MBq/_mol],Kidney L,Kidney R,Liver,Aorta,Aorta wall,Ventricle,Myocardium,Aorta + ventricle,Gall bladder,Pancreas
S00712,M,<30A,rif,ACTTAAGGCC,17745.2,21.72549582,22.7035286,16.97725924,19.55099541,15.76426247,18.86407712,9.001480295,19.25358181,27.43443608,14.99981017
S00724,M,<30A,rif,AACTAAGGCC,8145.9,12.47290162,12.05412829,10.49848392,9.249777123,5.335302099,10.74510035,5.907052717,9.944506094,27.04163844,8.981427648
S00732,M,<30A,ctrl,AATTGAGGTT,5093.8,13.93474914,15.37342035,48.58612033,8.438181331,6.279013218,10.13611968,4.27436162,9.128090588,45.92527797,6.632197304
S00733,M,<30A,rif,AATTGAGGTT,6296.7,8.908370983,9.610939068,10.98253918,7.398480334,4.419685469,7.711064766,4.290415248,7.5007152,27.19253279,5.752613585
S00780,M,<30A,ctrl,ACTTAAGGCC,5635.5,15.76461828,17.04954311,39.46133947,12.24038484,6.539955056,12.45340165,7.078498737,12.36843131,13.23422989,10.58658263
S00781,M,<30A,rif,ACTTAAGGCC,7157.7,18.30013282,20.18500199,23.37204038,17.72845253,11.73112992,18.83420618,10.09733102,18.09311195,9.355363414,11.48146859
S00786,F,>50A,ctrl,AACCGAGGCC,4899.2,29.09414589,32.2869825,72.58894986,25.12694311,18.53625548,28.12814671,11.86686105,26.56344997,260.6882088,16.31098954
S00793,F,>50A,ctrl,AACTAAGGCC,7283.5,19.96165081,23.43057565,81.24939416,13.88146236,9.048399719,16.4428286,10.71855258,14.18394207,26.19688418,10.35566679
S00794,F,>50A,rif,AACTAAGGCC,8225.5,20.74607538,21.72702945,30.6668971,23.9755178,12.61333334,21.26737001,11.86322738,23.3714249,11.77224554,14.4161374
S00796,M,<30A,ctrl,AACTGAGGCC,8672.4,10.49752222,12.19977762,32.43824889,8.229329994,4.142835634,9.603169557,4.80988627,8.545852465,69.60339559,9.237448081
S00801,M,<30A,ctrl,AATTAAGGCC,6029.2,16.25589955,21.02111256,63.11314173,7.672023456,6.094815097,13.62787477,9.606841823,9.495976735,137.1254325,13.12307505
S00802,M,<30A,rif,AATTAAGGCC,6188.3,23.93342811,25.82756815,27.27304154,16.43639087,8.478222365,16.15401138,9.703238305,16.39872551,72.94322524,14.46840272
S00810,F,>50A,ctrl,AACTAAGGCC,6721.8,14.53343325,15.70135606,45.51158946,12.51835641,6.168674474,11.52194627,5.939311529,12.46356911,124.740839,10.89289981
S00811,F,>50A,rif,AACTAAGGCC,8494.8,25.46610656,27.46996704,29.16232562,24.66174256,13.08775307,25.25660237,12.98163034,24.72331861,9.674202634,14.86105795
S00822,M,>50A,ctrl,AATTAAGGTC,5793.8,10.31781193,10.68967681,33.4428648,8.309495818,5.145479865,9.356992487,4.251812625,8.565482816,54.29977606,6.125164976
S00828,F,>50A,ctrl,AACTGAGGCC,5971.1,9.294232971,10.20030207,29.11931935,5.802032002,4.658955681,6.947735233,3.667289374,5.907682144,51.99546711,3.276700732
S00874,M,>50A,ctrl,AATTAAGGCC,5684.7,11.17282628,12.71729816,35.38477966,11.85947492,6.47596001,10.07075545,4.651326108,11.68531516,16.69607776,6.440681218
S00877,F,>50A,rif,AACTGAGGCC,42587,23.40552089,23.24338438,31.89177737,25.60417865,9.141489113,24.66008895,12.07642888,10.9110448,80.13601856,13.49669074
S00880,M,>50A,rif,AATTAAGGCC,4428.5,10.15432254,10.19394883,12.53063689,12.43260184,8.688333743,10.34822135,5.798310905,10.32120154,25.01725027,6.258632995
S00919,F,>50A,ctrl,AATTAAGGCC,37518,17.25009583,20.49049474,74.13427685,14.48778068,5.573718259,15.28216717,9.037939088,14.51058345,116.8687295,11.12187173
S00933,M,>50A,ctrl,AATTGGGGCC,4575.8,16.15013062,17.87709513,46.4976357,10.22696366,4.97265637,11.80636346,7.531829829,10.27743557,8.249079204,5.17243428
S00956,M,>50A,ctrl,AACTAAGGCC,5110.8,16.74911396,19.18889228,46.5903369,14.27684437,6.814567227,13.7972108,10.67608331,14.26628142,19.35681793,12.301641